"","Species","YEAR","EPU","length_group","DATA_VALUE","nCond","sd","variance","INDICATOR_NAME"
"1","Black sea bass",1992,"MAB","[0,15]",1.03290363618244,7,0.0474907126048533,0.00225536778371677,"mean condition"
"2","Black sea bass",1992,"MAB",NA,0.982775031449064,59,0.0365936587539647,0.00133909586100162,"mean condition"
"3","Black sea bass",1993,"MAB","[0,15]",1.0025917977955,11,0.0474907126048533,0.00225536778371677,"mean condition"
"4","Black sea bass",1993,"MAB",NA,1.00387705839916,60,0.0365936587539647,0.00133909586100162,"mean condition"
"5","Black sea bass",1994,"MAB","[0,15]",1.06735443209766,23,0.0474907126048533,0.00225536778371677,"mean condition"
"6","Black sea bass",1994,"MAB",NA,0.994866989813766,39,0.0365936587539647,0.00133909586100162,"mean condition"
"7","Black sea bass",1995,"MAB","[0,15]",0.959661072407353,30,0.0474907126048533,0.00225536778371677,"mean condition"
"8","Black sea bass",1995,"MAB",NA,1.01295271812658,76,0.0365936587539647,0.00133909586100162,"mean condition"
"9","Black sea bass",1996,"MAB","[0,15]",0.934763070430083,9,0.0474907126048533,0.00225536778371677,"mean condition"
"10","Black sea bass",1996,"MAB",NA,0.991151277872315,41,0.0365936587539647,0.00133909586100162,"mean condition"
"11","Black sea bass",1997,"MAB","[0,15]",0.922142547064421,17,0.0474907126048533,0.00225536778371677,"mean condition"
"12","Black sea bass",1997,"MAB",NA,1.00833899337123,59,0.0365936587539647,0.00133909586100162,"mean condition"
"13","Black sea bass",1998,"MAB","[0,15]",0.945215796090548,15,0.0474907126048533,0.00225536778371677,"mean condition"
"14","Black sea bass",1998,"MAB",NA,0.978087119109082,59,0.0365936587539647,0.00133909586100162,"mean condition"
"15","Black sea bass",1999,"MAB","[0,15]",0.983584711056018,15,0.0474907126048533,0.00225536778371677,"mean condition"
"16","Black sea bass",1999,"MAB",NA,1.03126675704587,59,0.0365936587539647,0.00133909586100162,"mean condition"
"17","Black sea bass",2000,"MAB","[0,15]",0.992575466844481,13,0.0474907126048533,0.00225536778371677,"mean condition"
"18","Black sea bass",2000,"MAB",NA,1.02309129344167,112,0.0365936587539647,0.00133909586100162,"mean condition"
"19","Black sea bass",2001,"GOM","[0,15]",0.729708471996356,3,0.0586134160467896,0.00343553254067405,"mean condition"
"20","Black sea bass",2001,"MAB","[0,15]",0.979800513731059,8,0.0474907126048533,0.00225536778371677,"mean condition"
"21","Black sea bass",2001,"MAB",NA,0.985379627368889,116,0.0365936587539647,0.00133909586100162,"mean condition"
"22","Black sea bass",2002,"GOM","[0,15]",0.886389450232013,3,0.0586134160467896,0.00343553254067405,"mean condition"
"23","Black sea bass",2002,"MAB","[0,15]",0.962260453775829,30,0.0474907126048533,0.00225536778371677,"mean condition"
"24","Black sea bass",2002,"MAB",NA,0.957914449896731,160,0.0365936587539647,0.00133909586100162,"mean condition"
"25","Black sea bass",2003,"MAB","[0,15]",0.995546105680666,18,0.0474907126048533,0.00225536778371677,"mean condition"
"26","Black sea bass",2003,"MAB",NA,0.958227019990095,177,0.0365936587539647,0.00133909586100162,"mean condition"
"27","Black sea bass",2004,"GOM","[0,15]",0.936408008869418,4,0.0586134160467896,0.00343553254067405,"mean condition"
"28","Black sea bass",2004,"MAB","[0,15]",0.842099696393855,3,0.0474907126048533,0.00225536778371677,"mean condition"
"29","Black sea bass",2004,"MAB",NA,0.95773719836344,83,0.0365936587539647,0.00133909586100162,"mean condition"
"30","Black sea bass",2005,"GOM","[0,15]",0.793221988265122,5,0.0586134160467896,0.00343553254067405,"mean condition"
"31","Black sea bass",2005,"MAB","[0,15]",0.87198930367013,14,0.0474907126048533,0.00225536778371677,"mean condition"
"32","Black sea bass",2005,"MAB",NA,1.01564596577328,42,0.0365936587539647,0.00133909586100162,"mean condition"
"33","Black sea bass",2006,"GOM","[0,15]",0.841655677000513,3,0.0586134160467896,0.00343553254067405,"mean condition"
"34","Black sea bass",2006,"MAB","[0,15]",0.897858347373065,30,0.0474907126048533,0.00225536778371677,"mean condition"
"35","Black sea bass",2006,"MAB",NA,0.996355674607731,62,0.0365936587539647,0.00133909586100162,"mean condition"
"36","Black sea bass",2007,"MAB","[0,15]",1.01466837101173,21,0.0474907126048533,0.00225536778371677,"mean condition"
"37","Black sea bass",2007,"MAB",NA,0.92799416895731,68,0.0365936587539647,0.00133909586100162,"mean condition"
"38","Black sea bass",2008,"GOM","[0,15]",0.947276404590885,7,0.0586134160467896,0.00343553254067405,"mean condition"
"39","Black sea bass",2008,"MAB","[0,15]",0.954217800878398,41,0.0474907126048533,0.00225536778371677,"mean condition"
"40","Black sea bass",2008,"MAB",NA,0.953618510068213,67,0.0365936587539647,0.00133909586100162,"mean condition"
"41","Black sea bass",2009,"GOM","[0,15]",0.972169301465272,4,0.0586134160467896,0.00343553254067405,"mean condition"
"42","Black sea bass",2009,"MAB","[0,15]",0.992760166590502,49,0.0474907126048533,0.00225536778371677,"mean condition"
"43","Black sea bass",2009,"MAB",NA,0.957256127224694,214,0.0365936587539647,0.00133909586100162,"mean condition"
"44","Black sea bass",2010,"GOM","[0,15]",0.859263686118484,3,0.0586134160467896,0.00343553254067405,"mean condition"
"45","Black sea bass",2010,"MAB","[0,15]",0.988835494557719,53,0.0474907126048533,0.00225536778371677,"mean condition"
"46","Black sea bass",2010,"MAB",NA,0.944130063627244,207,0.0365936587539647,0.00133909586100162,"mean condition"
"47","Black sea bass",2011,"GOM","[0,15]",0.92180557507609,10,0.0586134160467896,0.00343553254067405,"mean condition"
"48","Black sea bass",2011,"MAB","[0,15]",1.05561083467171,27,0.0474907126048533,0.00225536778371677,"mean condition"
"49","Black sea bass",2011,"MAB",NA,0.978938015298219,191,0.0365936587539647,0.00133909586100162,"mean condition"
"50","Black sea bass",2012,"GOM","[0,15]",0.904375403533117,17,0.0586134160467896,0.00343553254067405,"mean condition"
"51","Black sea bass",2012,"MAB","[0,15]",0.993221534052203,97,0.0474907126048533,0.00225536778371677,"mean condition"
"52","Black sea bass",2012,"MAB",NA,0.939231505626668,312,0.0365936587539647,0.00133909586100162,"mean condition"
"53","Black sea bass",2013,"GOM","[0,15]",0.923469346171226,10,0.0586134160467896,0.00343553254067405,"mean condition"
"54","Black sea bass",2013,"MAB","[0,15]",1.01066662087368,23,0.0474907126048533,0.00225536778371677,"mean condition"
"55","Black sea bass",2013,"MAB",NA,1.00705935766331,175,0.0365936587539647,0.00133909586100162,"mean condition"
"56","Black sea bass",2014,"GOM","[0,15]",0.88517649814323,14,0.0586134160467896,0.00343553254067405,"mean condition"
"57","Black sea bass",2014,"MAB","[0,15]",0.988838015986266,53,0.0474907126048533,0.00225536778371677,"mean condition"
"58","Black sea bass",2014,"MAB",NA,0.960461211806615,240,0.0365936587539647,0.00133909586100162,"mean condition"
"59","Black sea bass",2015,"GOM","[0,15]",0.951678808978807,10,0.0586134160467896,0.00343553254067405,"mean condition"
"60","Black sea bass",2015,"MAB","[0,15]",1.01891766187562,91,0.0474907126048533,0.00225536778371677,"mean condition"
"61","Black sea bass",2015,"MAB",NA,0.946186115319088,424,0.0365936587539647,0.00133909586100162,"mean condition"
"62","Black sea bass",2016,"GOM","[0,15]",0.926303019523535,21,0.0586134160467896,0.00343553254067405,"mean condition"
"63","Black sea bass",2016,"MAB","[0,15]",0.997347225736869,81,0.0474907126048533,0.00225536778371677,"mean condition"
"64","Black sea bass",2016,"MAB",NA,0.951998991994282,185,0.0365936587539647,0.00133909586100162,"mean condition"
"65","Black sea bass",2018,"GOM","[0,15]",0.924515346332469,18,0.0586134160467896,0.00343553254067405,"mean condition"
"66","Black sea bass",2018,"MAB","[0,15]",0.937988238628001,50,0.0474907126048533,0.00225536778371677,"mean condition"
"67","Black sea bass",2018,"MAB",NA,0.891340603637772,266,0.0365936587539647,0.00133909586100162,"mean condition"
"68","Black sea bass",2019,"GOM","[0,15]",0.876102941387466,5,0.0586134160467896,0.00343553254067405,"mean condition"
"69","Black sea bass",2019,"MAB","[0,15]",0.977444305817479,99,0.0474907126048533,0.00225536778371677,"mean condition"
"70","Black sea bass",2019,"MAB",NA,0.903679693777603,339,0.0365936587539647,0.00133909586100162,"mean condition"
"71","Black sea bass",2021,"MAB","[0,15]",0.975483564471771,85,0.0474907126048533,0.00225536778371677,"mean condition"
"72","Black sea bass",2021,"MAB",NA,0.915302787814085,277,0.0365936587539647,0.00133909586100162,"mean condition"
"73","Black sea bass",2022,"GOM","[0,15]",0.93430750518341,19,0.0586134160467896,0.00343553254067405,"mean condition"
"74","Black sea bass",2022,"MAB","[0,15]",0.991128899733285,112,0.0474907126048533,0.00225536778371677,"mean condition"
"75","Black sea bass",2022,"MAB",NA,0.94184129795048,503,0.0365936587539647,0.00133909586100162,"mean condition"
"76","Black sea bass",2023,"GOM","[0,15]",0.842941830963365,3,0.0586134160467896,0.00343553254067405,"mean condition"
"77","Black sea bass",2023,"MAB","[0,15]",0.991162243546465,135,0.0474907126048533,0.00225536778371677,"mean condition"
"78","Black sea bass",2023,"MAB",NA,0.951823502637371,338,0.0365936587539647,0.00133909586100162,"mean condition"
"79","Black sea bass",2024,"GOM","[0,15]",0.925937724459943,8,0.0586134160467896,0.00343553254067405,"mean condition"
"80","Black sea bass",2024,"MAB","[0,15]",1.01381048828911,99,0.0474907126048533,0.00225536778371677,"mean condition"
"81","Black sea bass",2024,"MAB",NA,0.908486648315153,358,0.0365936587539647,0.00133909586100162,"mean condition"
"82","Black sea bass",2025,"GOM","[0,15]",0.867161225381435,7,0.0586134160467896,0.00343553254067405,"mean condition"
"83","Black sea bass",2025,"MAB","[0,15]",0.971441082713704,74,0.0474907126048533,0.00225536778371677,"mean condition"
"84","Black sea bass",2025,"MAB",NA,0.930640453110594,228,0.0365936587539647,0.00133909586100162,"mean condition"
